Product Name;Price
Mitsubishi 5kW R32 1Ph Mono ASHP Outdoor Unit;£1,638.83
Mitsubishi 5kW R32 1Ph Mono ASHP Std & FTC2BR Flow Temperature Controller Pkg;£2,415.29
Mitsubishi 5kW R32 1Ph Mono ASHP Low GWP Standalone Pkg;£2,666.84
Mitsubishi 6kW R32 1Ph Mono ASHP UQ & FTC2BR Flow Temperature Controller Pkg;£2,911.11
Mitsubishi 6kW R32 1Ph Mono ASHP UQ Standalone Pkg;£3,162.66
Mitsubishi 8.5kW R32 1Ph Mono ASHP UQ & FTC2BR Flow Temperature Controller Pkg;£3,250.16
Mitsubishi 11.2kW R32 3Ph Mono ASHP Outdoor Unit;£3,282.98
Mitsubishi 8.5kW R32 3Ph Mono ASHP UQ & FTC2BR Flow Temperature Controller Pkg;£3,452.50
Mitsubishi 8.5kW R32 1Ph Mono ASHP UQ Standalone Pkg;£3,501.72
Mitsubishi 8.5kW R32 3Ph Mono ASHP UQ Standalone Pkg;£3,704.05
Mitsubishi 11.2kW R32 1Ph Mono ASHP UQ & FTC2BR Flow Temperature Controller Pkg;£3,750.53
Mitsubishi 11.2kW R32 3Ph Mono ASHP UQ & FTC2BR Flow Temperature Controller Pkg;£3,993.88
Mitsubishi 11.2kW R32 1Ph Mono ASHP UQ Standalone Pkg;£4,002.09
Mitsubishi 14kW R32 1Ph Mono ASHP Outdoor Unit Zbdn;£4,072.27
Mitsubishi 11.2kW R32 3Ph Mono ASHP UQ Standalone Pkg;£4,245.44
Mitsubishi 14kW R32 3Ph Mono ASHP Outdoor Unit Zbdn;£4,309.24
Mitsubishi 14kW R32 1Ph Mono ASHP Zbdn & FTC2BR Flow Temperature Controller Pkg;£4,783.18
Mitsubishi 14kW R32 3Ph Mono ASHP Zbdn & FTC2BR Flow Temperature Controller Pkg;£5,020.16
Mitsubishi 14kW R32 1Ph Mono ASHP Zbdn Standalone Pkg;£5,034.74
Mitsubishi Ecodan Hydrodan 170L WSHP Indoor Unit 3ph, EHWT17D-MHEDW;£7,227.90
Mitsubishi Ecodan ASHP/WSHP Indoor Unit, R410A, 3ph Mono, CRHV-P600YA-HPB;£19,332.00
Mitsubishi Ecodan ASHP Outdoor Unit, R454C, 3ph Mono, CAHV-R450YA-HPB;£19,810.80
Mitsubishi Ecodan 40kW ASHP R744 Outdoor Unit 3ph, QAHV-N560YA-HPB;£25,260.30
